{
    "headers": [
      {
        "source": "/(.*)",
        "headers": [
          { "key": "X-Frame-Options", "value": "ALLOWALL" },
          { "key": "Access-Control-Allow-Origin", "value": "*" },
          { "key": "Access-Control-Allow-Methods", "value": "GET, POST, PUT, DELETE, OPTIONS" },
          { "key": "Access-Control-Allow-Headers", "value": "X-Requested-With, Content-Type, Accept" }
        ]
      }
    ],
    "rewrites": [
      { "source": "/(.*)", "destination": "/index.html" }
    ],
    "framework": "vite",
    "buildCommand": "npm run build",
    "installCommand": "npm install",
    "outputDirectory": "dist"
  }